account_path,address,amount
m/44'/60'/0'/0/1,0x5D09f1175920d4B0bd4641Ba1a5C6f84fe8b2Ff3,0.045
m/44'/60'/0'/0/2,0x2650c2A20886859DADea61b297F71DfB68b301C3,0.1
m/44'/60'/0'/0/3,0x88c948c8fA198Ab5786BA20Ed4f9b1F7a45E6Bfd,580.58
m/44'/60'/0'/0/4,0x1A22C78a1Fb64AbfaE109839f83b93b5d034C6CF,752.2
m/44'/60'/0'/0/5,0x305459bD0458f4d7Cd378c0Da22162884c1e49Ae,1019.95
m/44'/60'/0'/0/6,0xcF9Aa2F3C93D795eD7110498EFb0eE5325fC9B60,514.51
m/44'/60'/0'/0/7,0x37F43640cE642D1894B71f62dB49130DB0F17a73,0.045
m/44'/60'/0'/0/8,0x58C03F251EF52D8C66F625007d46Ba3aE18a501B,18.94
m/44'/60'/0'/0/9,0x2d00C31E93b34FcDE306fb902dEA028e2615c159,18.94
m/44'/60'/0'/0/10,0x20a71e3fC0dD2d2Ad77B36e36C64Fc8906e66089,1139.48
m/44'/60'/0'/0/11,0xfA0bF9D2F38f866B21a801aB0aCf7A123a677aef,590.71
m/44'/60'/0'/0/12,0x26694e70eC95dE521d4B4ba364807413e7581190,386.18
m/44'/60'/0'/0/13,0x0183b7629186e6BB275A6bb56F74ddF02a7d40b2,386.18
m/44'/60'/0'/0/14,0x638AeD63d5027291f22fe511693c374570BC6c02,266.03
m/44'/60'/0'/0/15,0xEf59b43aE0a3a2157Eb071DFfC2983392691C6C1,18.95
m/44'/60'/0'/0/16,0x8bA513fE9a3a71e6f8E8EaD69732fDa9eb28aE0D,1893.71
m/44'/60'/0'/0/17,0xd7338D12eC00aA09c3923f544aB1Da6c785520F0,1893.71
m/44'/60'/0'/0/18,0x7dd85ae6588F7BDA3a7b61F79eB49051bea3daCA,1243.64
m/44'/60'/0'/0/19,0x05BA494835AcBB4b86cFd6AB93528a95Fa2aD6B4,1312.43
m/44'/60'/0'/0/20,0xd28EA3C4adF8Af470B59C955c3cCe2FcE9532372,1307.5
m/44'/60'/0'/0/21,0xF338F02Df7d578FD761c64d502a8e953aC5eF13F,1307.5
m/44'/60'/0'/0/22,0x0CD96a0c4532aD0E4661879FaB4A1dE012986A6a,170.17
m/44'/60'/0'/0/23,0x2ea0a47527ff89b37ac9539df78118B9A607AE12,223.15
m/44'/60'/0'/0/24,0x73411479339c5D8f92414cFF8619B56576Df6171,222.61
m/44'/60'/0'/0/25,0x97dc29173D132215a7E9C688CF5264aBb35D267c,222.61
m/44'/60'/0'/0/26,0x90E7184D20d64944B24D4247375981F669Fe62c8,222.61
m/44'/60'/0'/0/27,0x1F2e701e22492885CB9a7d3322f9A349CA56b045,851.6099999999999
m/44'/60'/0'/0/28,0x5A2cA639E027273079Ac546F3b921470939F36Cc,851.61
m/44'/60'/0'/0/29,0xd9C2b2205DaD55527CDed03c13FA3BE3F088C683,851.6099999999999
m/44'/60'/0'/0/30,0x07191335c7A2b497A0172033Aa9f867038aa222A,1130.6
m/44'/60'/0'/0/31,0x467d0324b2810Efc50FC7c6B448dedc3cA73a6FF,1128.55
m/44'/60'/0'/0/32,0x293F54b6b7C1a638Ac44BC1A5B3D43a0f672bE15,1128.54
m/44'/60'/0'/0/33,0x1D6Ee5994798d6eb9126b671fA06590B81F5EF44,1128.54
m/44'/60'/0'/0/34,0x97957662Fc3Ad3A5977E263F9209e44E4003f7e8,9638.3
m/44'/60'/0'/0/35,0x84Bdc9286f0E2954B1125419C8108e674F903aBc,276.4
m/44'/60'/0'/0/36,0xA08938E98fb5c1A7c067f1D4909c1cA65FbD9431,276.4
m/44'/60'/0'/0/37,0x6a714Afe0EE1c9611293Df301E485001c7B1aa2d,151.8
m/44'/60'/0'/0/38,0x30091C95Cc01Fa83598C0D9dA4eBA5Ef590f4aF7,151.8
m/44'/60'/0'/0/39,0x78D50bB1aA3ECd35c5f9d31d7be0842531F7837f,1429.74
m/44'/60'/0'/0/40,0xE55dAe3Eecf0A358564DbD9339a29964C2D6ae00,1429.74
m/44'/60'/0'/0/41,0x4405F1b38d317D51213E7efc1046f0eeA7aE80D4,1429.74
m/44'/60'/0'/0/42,0x24eF23438dc1C1D96Dbd4Ba8434e91d76dE2b49e,255.8
m/44'/60'/0'/0/43,0x6059d298CfC90A75175B6ffE3434d2c7fe57026c,256
m/44'/60'/0'/0/44,0xDDB895eCaE5a17a7b5096593F0BE3dea08349E86,256
m/44'/60'/0'/0/45,0x7b7a2C5681F1CCEf4EefCB26b2B8b594C40D10F0,256
m/44'/60'/0'/0/46,0x5cC251767F1404F377e337dafad88E1CA3d7D5a7,151.91
m/44'/60'/0'/0/47,0x94687D51303d0A2317D150516d79bB61e1F2bCf1,802.1
m/44'/60'/0'/0/48,0x8ee342F35653f5821E7C917bc2B8cA7D61559761,974.74
m/44'/60'/0'/0/49,0xCf4038e6269e16bEf0FCAC1187B4D6C7ee3340CC,2230.1
m/44'/60'/0'/0/50,0x9F97c8d1aD912597D8d06cEcDcEBA268a3a78719,1439.8300000000002
m/44'/60'/0'/0/51,0x3b58bE66d91bA3424dc347332D9A9D42ab3b1d0F,9323.02
m/44'/60'/0'/0/52,0x950EAd6e5AC9dA7E8996Ad0103C649cFc7215a04,766.48
m/44'/60'/0'/0/53,0x6Df8896ebADFE7518dCB391E81EA5bDCB612b7ec,25756.68
m/44'/60'/0'/0/54,0x5b115744D0c3040D563d7Aa79c6aa98fc38b7F38,25756.68
m/44'/60'/0'/0/55,0xB98268b642310f74757648eD097B83514a95CeB3,1184.75
m/44'/60'/0'/0/56,0x6734CC8D00EE906d67F1e23e4CfE1077C0710800,82.56
m/44'/60'/0'/0/57,0x3Afd5Dff74CAA6505C922d363441415e709293ee,1313.1299999999999
m/44'/60'/0'/0/58,0x2F4c68b9b2d8aA15Dd52E3A46Cc5a50455a32c9E,543.3
m/44'/60'/0'/0/59,0xF399b70d19f29B5b670cfAaA7e6FF06d6B1167E0,543.3
m/44'/60'/0'/0/60,0x2eFfD15D5cD1fe9D5d72247011e6A380Ee1B85d5,1245.36
m/44'/60'/0'/0/61,0x93f47a169e7a16B6652b501208F193869CEE29CD,409.77
m/44'/60'/0'/0/62,0x2d31D96365877f0734bC8e5aB9Cb8B8BBC6c0Ec0,1167.71
m/44'/60'/0'/0/63,0xB2Ad4a59991EFf17f55b30D368D8Ba1fA9AEd412,1165.42
m/44'/60'/0'/0/64,0xae41a8eE162DcFf3b176120D9A496f560440CBd2,1577.4
m/44'/60'/0'/0/65,0x5273d9057dF79663D19C6d1CbdA26B4ACF8EF0BE,1577.4
m/44'/60'/0'/0/66,0x47353d8cdBdB44B1A4f44D5713c372E7DEd6B04f,1577.4
m/44'/60'/0'/0/67,0x3097ffAc1972c912F450fFB9d5E5D682021A8438,771.64
m/44'/60'/0'/0/68,0x36f39b82209388be69d61b0576F3FE2cCD1742e3,532.5
m/44'/60'/0'/0/69,0xB28696FD90A0005839cc2B313Aca52943afB64A8,444.5
m/44'/60'/0'/0/70,0x564f9d0C567f88AF7A78eC4527F13706Dca7D5d8,444.5
m/44'/60'/0'/0/71,0xbED89b03bc50459C34C276FFf27e5B8AB66529F1,3821.24
m/44'/60'/0'/0/72,0x46707867F34af83Da1a475509144F549138c82A5,265.9
m/44'/60'/0'/0/73,0x3c3dAA5b29318054032e6B0d2666FA487645c295,1207.79
m/44'/60'/0'/0/74,0x10A093945A600B026AEDAcaB23177b4676970d3f,175.2
m/44'/60'/0'/0/75,0x5355814320957D54231314a766B221549DB168FE,643.34
m/44'/60'/0'/0/76,0xC3C6D1e73052E80fe6AEdA57DE22183c32ef0c1C,2859.4900000000002
m/44'/60'/0'/0/77,0x0485501CAd395f6AA82161D3761EeA33Ae98bb78,131.73
m/44'/60'/0'/0/78,0xc0F923b8B5FE17Aac2b930c89e11001A491128BA,1207.79
m/44'/60'/0'/0/79,0x8aB5e108125E089bA97611dA3B0901d9852902E1,29.39
m/44'/60'/0'/0/80,0x35AaaBEbc4ee7F7A551759A49786D3eD95101054,29.39
m/44'/60'/0'/0/81,0xaB362Eb8b40Ef295A1979CE9A24E917663C47e94,985.06
m/44'/60'/0'/0/82,0x6fa036155b65061af57E28eB7c2ad932Ea466FF8,1251.2
m/44'/60'/0'/0/83,0xb3f6eBf1597eeaE63A708bD08d3375274977E8fD,4313.58
m/44'/60'/0'/0/84,0xD300d139014764AdBAB8A1D82D513FfD381293D0,146.95
m/44'/60'/0'/0/85,0x22b992bE678aDf1F26B33DD1851324CF4F51E082,347.57
m/44'/60'/0'/0/86,0x502b784868EaF2a2437203EE82dBceE3F1523314,355.6
m/44'/60'/0'/0/87,0x85167D77E8376847e78F6686b6D1611b7Cdc70fc,135.62
m/44'/60'/0'/0/88,0x0A772B9e087865e041153E2B748d098ADD002DDC,1856.63
m/44'/60'/0'/0/89,0x295Fb2317276C03cDC295F06FE50559304283c2c,240.3
m/44'/60'/0'/0/90,0xEc04Aa45f4591b4b66e658576Ce73bD4384BF608,746.48
m/44'/60'/0'/0/91,0x25FbE9a0ceAdC3B85D5d15D09991C76eB4101739,399.54
m/44'/60'/0'/0/92,0xa76B57146b6803A811099B3f354261B100D12847,863.8499999999999
m/44'/60'/0'/0/93,0x03B229E254A64271758845c96f3aA2d3ceE24948,297.29
m/44'/60'/0'/0/94,0xFECbE5CC8152e54DF0763c538dC608C7053725D1,566.1
m/44'/60'/0'/0/95,0xFd3E596732E9fe45a33bc7067A0a0D9324351456,280.01
m/44'/60'/0'/0/96,0xdd907683C1957782Ada4606a74318C8B4fF4bC4d,527.71
m/44'/60'/0'/0/97,0xc20556D313045b736f6277C22ab082229b1c53F2,452.23
m/44'/60'/0'/0/98,0xAF17255044c023272eAc8fb6E87894ff193b2293,276.14
m/44'/60'/0'/0/99,0x244e4057a5b0b1Bc9C100C2800f4F08B90F3d7Bb,379.96
m/44'/60'/0'/0/100,0x28C4a66bDa0970A01698d78E7f9d4a4cf198016f,82.65
m/44'/60'/0'/0/101,0x243aA3aB5151F2c92446128ae56F4421eb847000,82.65
m/44'/60'/0'/0/102,0xf70c622f63669212BFb2C8d34F11F93F9170346F,496.66
m/44'/60'/0'/0/103,0x759b2AF0f7a0ce1F82123607251204Bfc2f4a2Af,1083.4
m/44'/60'/0'/0/104,0x9Fb4CD57b3c4E8e320C22D8346394cb59EF444f1,1083.46
m/44'/60'/0'/0/105,0x15b3813cc4266898f1ff77675387c99F5e614C88,1542.7
m/44'/60'/0'/0/106,0xf355A88c0610503A86CDdaf561f096Dd19A25835,1169.02
m/44'/60'/0'/0/107,0xfaB6D218f48957864ae50A8f8ca61BE3e5BB453D,1169.02
m/44'/60'/0'/0/108,0x6d75B0f93b4180eeF9Ebd7Ee49cBb250c410C4EF,291.96
m/44'/60'/0'/0/109,0xCE502978F5651f268935d5F4b62795450AF5363c,552.4
m/44'/60'/0'/0/110,0x0a3C4137D766D879Aeebe6bC4018dE581Dd1993D,159.1
m/44'/60'/0'/0/111,0xEc471E3FefA7339C9402e8B18b620C994d808014,82.39
m/44'/60'/0'/0/112,0xF65C4D5A8bc4B8080D63145d5C4E4398eDA95d73,1086.33
m/44'/60'/0'/0/113,0xC8Fb3C8Bb42AceE1578c4A2DEf9563d9Fe8DCe1A,217.05
m/44'/60'/0'/0/114,0xC4cf7e6C899f822a5E2900fbae8e74DbF4415CEF,155.53
m/44'/60'/0'/0/115,0x0aB7b0E8F8E8777760a27Cee79849F916f094eB3,389.02
m/44'/60'/0'/0/116,0x28379B7bC0337d7be2C51d835532528821729888,5788.72
m/44'/60'/0'/0/117,0x4B5CA6927fF63C863651dE1Ba5800Ca94C7BdA51,115.45
m/44'/60'/0'/0/118,0xc8D237E7743c67Be274b05101D3F3A7f482A6000,1204.95
m/44'/60'/0'/0/119,0x44aC4126ac207265F716bB10276A419B8deB50D4,273.06
m/44'/60'/0'/0/120,0x7283a2CBd03eeaED08413ce19572822a9CbC229A,250.45
m/44'/60'/0'/0/121,0x4195c08b93aE9B5776Eb957dfdE238a8547208e8,250.45
m/44'/60'/0'/0/122,0xbc80fb5C08d4e6c8Ee9189cC47Ab32FD26e1937f,110.45
m/44'/60'/0'/0/123,0x4fBf3Ea02242C1bcaB564Cb4d36C5fc650aD021a,796.65
m/44'/60'/0'/0/124,0xF39672a68a74e7DBbA765CcE87be7aD5836F9682,20.64
m/44'/60'/0'/0/125,0xAa43Ccbb3Af372F05d9f2619155CDeb6b0948573,68.4
m/44'/60'/0'/0/126,0x1e66BD5cA1b2cb6a7fd88983448cAE9A0C54Aaea,87.49
m/44'/60'/0'/0/127,0xACf44eD9136BD9794Be69383b835f72Bf4192B23,23.85
m/44'/60'/0'/0/128,0x2C562bB6a39743cfE11f3750D7Cb8DAceCF1f603,89.57
m/44'/60'/0'/0/129,0x7b3E1cA257f2f3d48fE5020A196CdCD2ae73587f,71.71
m/44'/60'/0'/0/130,0xC23A7361B8c1cD10C88c8505fC2c2e5C73F16aC3,41.64
m/44'/60'/0'/0/131,0x93fDf34d1Fc7cC24f93Ba139F9993D6eE0f5A06C,64.18
m/44'/60'/0'/0/132,0xF82F84Ea8660dd0Ea058874De69C84e543fE1203,41.64
m/44'/60'/0'/0/133,0xCd58E435dBD14ba0519A17F8AF2b5813dB507120,1535.45
m/44'/60'/0'/0/134,0xb8DF26D9c0f625A9cD22467d4D279C660306fD8b,713.95
m/44'/60'/0'/0/135,0x6d767ad6FeA3BB5aeBC553b74Cd59ebf1F3f1FDf,1471.08
m/44'/60'/0'/0/136,0x354dEa24D87D46B52Ca08e2b94B0FAec7c4cC651,1471.08
m/44'/60'/0'/0/137,0xbC660Cd774FF3e3Ca1e2C5010a9aa79DB6535782,1471.08
m/44'/60'/0'/0/138,0xA76c50Fcf7C7710149551298f5a66968E286664d,218.56
m/44'/60'/0'/0/139,0xf016e20FB74E348C5D5Fb8c8A340Ea06D5a1c55b,218.56
m/44'/60'/0'/0/140,0xaE1Cd122a7A98167Ef37D91FCd1E83CDd0251e7A,218.56
m/44'/60'/0'/0/141,0x7Ce6fDb0c9fedf5049dAcCfB8CB7f9729D7c208d,619.9
m/44'/60'/0'/0/142,0x2a1282FF1AA2a40291f145ca0880187db1753AF1,619.9
m/44'/60'/0'/0/143,0x6AD1D3328Bce07F51D869d82f5654377fc606013,218.56
m/44'/60'/0'/0/144,0x68E9bA2f84F94133f662bE7b9Fa0826701815de4,1329.7400000000002
m/44'/60'/0'/0/145,0xFDFCCB4ba4A2bcEc71c9Cf2ABEe2D7c7e0a7d763,362.72
m/44'/60'/0'/0/146,0xdABea03BdCCd037EFbD1Ade27F45B6e51Ef43CFA,1279.0200000000002
m/44'/60'/0'/0/147,0x55AE2FcF469161C81B6139d7A30A6cE9669F01fc,5107.1
m/44'/60'/0'/0/148,0x9591D66d53b31EF421C02c5d70f79486A7C39455,261.42
m/44'/60'/0'/0/149,0x829c521d24f938397455418fa7818B03Cbd0478d,217.43
m/44'/60'/0'/0/150,0xE3510c4D0945433C861a74F21B090b01fe9f14e2,217.43
m/44'/60'/0'/0/151,0x3F915B468c96a72c8845C3440f80adee10C60a06,360.14
m/44'/60'/0'/0/152,0x66e399328967564cEFD6561DAFA8597a51C5FFD8,10233.119999999999
m/44'/60'/0'/0/153,0x5649362977ff7397a2a66D26253e4447A8849B1e,161.36
m/44'/60'/0'/0/154,0x84A3cfBbe21BE72a8E8E040292f8CdBE6264fc51,5741.08
m/44'/60'/0'/0/155,0xdef188305e4Ba4cA2D92a076aA8c005a4aEE5527,755.65
m/44'/60'/0'/0/156,0xD98FD292f64991987633f31dB181AA33855fEEcE,5452.4400000000005
m/44'/60'/0'/0/157,0xc276d5152aBbf8e28651a03AdFbfA3276DBC7C5f,1854.59
m/44'/60'/0'/0/158,0xfF55BFd4F67a55128A3E6B3c945fbc87eD6A32F1,446.8
m/44'/60'/0'/0/159,0x694d88D0cfD74CA22752e7458eb4c8e9dFd1E52A,284.25
m/44'/60'/0'/0/160,0xd1D7492744780C3bD29987152aaf839a434DC53b,2322.2599999999998
m/44'/60'/0'/0/161,0x281c0c925367fbcC900090beaDFa3096c28C81d3,1320.06
m/44'/60'/0'/0/162,0xd7DBc32e02EAf30e13702d6bE6175B9Ef7A6a8DB,1405.12
m/44'/60'/0'/0/163,0x14Bfc065055a0171efa83352168F26Be6687F5B5,44.09
m/44'/60'/0'/0/164,0x3a7624B37e6f8a4e8C654201F945Aaf497510F49,1281.4
m/44'/60'/0'/0/165,0x397cF3a5123A9A8B3E27A10E8a87BDe6990a2526,89.44
m/44'/60'/0'/0/166,0x58F4C510338976353ce26657c4375CC717337901,446.1
m/44'/60'/0'/0/167,0x1bA161A06d0d560f1d67AEeA1AA568a6DD057F84,1427.4599999999998
m/44'/60'/0'/0/168,0xab4514Eb365d4BbdA9DfF96856d9d0883D83ca49,119.09
m/44'/60'/0'/0/169,0x0F3E0a5dF37104873CeACE1e68b358e29aB9bA39,3674.32
m/44'/60'/0'/0/170,0x7a298Ede068922e516C7b239Dd2F3C5Eab822c39,898.05
m/44'/60'/0'/0/171,0xFA9a962Cc6f8fDbB5FeFCbE5F0ca65804DD48487,910.64
m/44'/60'/0'/0/172,0xF2CDe8Cb19Fc03B11D0441A1026d3074aB212A2B,107.32
m/44'/60'/0'/0/173,0x91bbA333401794c2bC2416B28E77e5eAcf994070,263.45
m/44'/60'/0'/0/174,0x6AD32D6e52d38aabAa70E770D5c6b476fcD9c084,263.45
m/44'/60'/0'/0/175,0xbd3C416e93c27C2B05c734DA077a81A92d8d73C4,582.04
m/44'/60'/0'/0/176,0x0b68C858DffbD2D0FEcB3033f5bF297cF821F2E7,106
m/44'/60'/0'/0/177,0x42EA812cBAD5a6CED24Fa3FEE3cAEdA4858ec846,246.82
m/44'/60'/0'/0/178,0xEF3b14828Eb5841e902b867A34821fBAb3D83eFc,252.9
m/44'/60'/0'/0/179,0x178Ec33934F2820cc60996A1A14DFb7C51e89eE7,182.42
m/44'/60'/0'/0/180,0xeDf174A01E03F75E66e37862B90BF0D54417C6AE,661.58
m/44'/60'/0'/0/181,0x65500916f67497887da047f1535732dFfae2C9Ae,1245.6
m/44'/60'/0'/0/182,0x1Dba140A10Bdd0055906585B5DA061B941e17e02,188.5
m/44'/60'/0'/0/183,0x7767eaa99bF64f3120D0017518370C2174A8e5A2,858.81
m/44'/60'/0'/0/184,0x2DCc30720Aee2B57f99C6B21f8fD761D994070A7,349.92
m/44'/60'/0'/0/185,0xfc6c9B8613e60EBc2a6307d05dFa812d0537d1Cb,333.27
m/44'/60'/0'/0/186,0x947D40f5375635D1928e367B006b527045E8bacf,144.68
m/44'/60'/0'/0/187,0xca04e090feDF4f7f74Cb7E589715a81bD5478a1d,2358.56
m/44'/60'/0'/0/188,0xe21b23370ff5c947A2338afed201b93D2BB59b67,2358.56
m/44'/60'/0'/0/189,0x3584c1264f3EA2f2B769951473BcaDffbdD7dd4d,443.69
m/44'/60'/0'/0/190,0xf2Fe05E26facd81EDdf459b2F8EF80Ac5f44A718,616.32
m/44'/60'/0'/0/191,0x8569F6593725681c1c0A565EC5adf98aB6165980,175.47
m/44'/60'/0'/0/192,0x34764eDC88AC8f68FE29B9D6a43067Fc6F060283,88.69
m/44'/60'/0'/0/193,0x5e3CAC01dA7D52C8ACED7DEc45b8800EF26A3D88,1438.16
m/44'/60'/0'/0/194,0x8aF5805Eff73718C0D7190c921a3695a67CA7E86,1881.28
m/44'/60'/0'/0/195,0xBC81267c18D569eac4a1fa67cB7C8afBCf9cfBc7,916.75
m/44'/60'/0'/0/196,0x3dE889beCeaB8b5B3B4f8D27ED2ea207757ab599,916.7500000000001
m/44'/60'/0'/0/197,0xb62FD63F5F7348cB50F56d043B5F8c89dCcAdDf9,916.75
m/44'/60'/0'/0/198,0x6C25C572DbfC9d4aAE5A4d749a42fD96D5E52A4d,916.75
m/44'/60'/0'/0/199,0x44122CC415bcd9539eC2F6be60dBab298dB913A8,883.92
m/44'/60'/0'/0/200,0x06c0a8513435f772324916cfA28b4B67C7AFb47e,351.7
m/44'/60'/0'/0/201,0x59cD1d6F5D4E69A6bbCeFb9B2F8b26AEcAF98187,2718.08
m/44'/60'/0'/0/202,0x89F83c5Aa9a221e2Bc52861129D0c5686cfe9aC7,624.04
m/44'/60'/0'/0/203,0x402fB8C9a175547839620d30af5bCb56Bc397d37,1101.34
m/44'/60'/0'/0/204,0x2C44C075Ff76bD3d18688188Acff22eeedA9d778,1131.97
m/44'/60'/0'/0/205,0x9562592cF6D9a67b12d8Fb51D6901bc4190b51e4,38.52
m/44'/60'/0'/0/206,0x6855e5b11d77b931C5ef45e64d98CD30de4ed11f,166.25
m/44'/60'/0'/0/207,0x9dDA484ac4d6eD33cBAE695F7AD1359D7EE68Bb0,166.25
m/44'/60'/0'/0/208,0x5Be67E325a4727968D5214a1C7970fD25A7Ed653,324.48
m/44'/60'/0'/0/209,0xf0846e9371669e9BCDF3Cc0455740AF3a46225d4,111.43
m/44'/60'/0'/0/210,0xC63534F7204b1D412e7A0156C335d310713af091,111.43
m/44'/60'/0'/0/211,0xccCaC7601fd881ADe4F6c7a8F11A6bE0148151Ef,111.43
m/44'/60'/0'/0/212,0x394cd08C0cB67F10878BB2e680499F40913F200A,595.47
m/44'/60'/0'/0/213,0x08e28CF1C5f4A06c66aBaBEAa16685C9fE573dDB,60.81
m/44'/60'/0'/0/214,0xaeffba7A6aBffD23A83D2488d2DC7a1301BCd008,1260.85
m/44'/60'/0'/0/215,0xCB2657326c34742e2413219A0eFE244981E2415D,187.5
m/44'/60'/0'/0/216,0x2d5a5FF19c64d369a7a4BAF79D7A634545B458C6,608.3699999999999
m/44'/60'/0'/0/217,0xDC50348D7e741e63cDaDBde12C9F18FA97A2E40f,3401.85
m/44'/60'/0'/0/218,0xdf9623f547a1656044fc9d07a2C94974155ccd83,173.55
m/44'/60'/0'/0/219,0xf0c9B0c089767488F316514b252268dA1a295BB1,4461.400000000001
m/44'/60'/0'/0/220,0xBC75fddA485e0Ef3f9f0A53C6fB6EfFA28340c7f,3276.8399999999997
m/44'/60'/0'/0/221,0x2edFBAc92a132a702f09667A27eDF90DF0fa1b58,1134.06
m/44'/60'/0'/0/222,0x76DEA7B40dDd28A8f458195D5211194f26268002,268.44
m/44'/60'/0'/0/223,0x702412652b8BBCcF2A82D8Cf1af87D4892566CF8,579.87
m/44'/60'/0'/0/224,0x276bdB9DDC40763Eb1C67eF7983fb3dB6Cc59978,238.28
m/44'/60'/0'/0/225,0x62E838fc7a6c57537ed308D75E616D53c42eb97B,1446.47
m/44'/60'/0'/0/226,0x68E247788D8266062E52E6948433D50554D411Ad,3007.95
m/44'/60'/0'/0/227,0xB3E31e105132CCd675BeD41289179262ff68CC6a,2105.34
m/44'/60'/0'/0/228,0x594Cae01CC96a9FcF0Af2398a8b9a8b6a7C73bBF,1032.42
m/44'/60'/0'/0/229,0xE78a026049D068E6e4a5b11a021d3d3C68879c91,1629.32
m/44'/60'/0'/0/230,0x74aea78ee152177631ec4270F48E4716Bd866F2A,1179.32
m/44'/60'/0'/0/231,0x89B4343B6fa7fF5DF5Ec3d8D5C9aF1a66FBBfFa4,735.94
m/44'/60'/0'/0/232,0xdF32E71711912deDCF5e87E7f76939BA03eB1e30,61.05
m/44'/60'/0'/0/233,0xa3Dd81c2cdFE22a256b99a4F3041F0Ca54D5a016,735.94
m/44'/60'/0'/0/234,0xC47956d03738e451f6a2FE03cEDEEF8FdD910353,876.56
m/44'/60'/0'/0/235,0x2f1A160F538413B4E567152c57bBaAbEc017bAC7,876.56
m/44'/60'/0'/0/236,0xE49F7b641f3fd501d3Bc90c72b2A382b10b576a5,415.65
m/44'/60'/0'/0/237,0x8D1445a192737D1cB45304c0F8E2edB5fE5eB683,275.11
m/44'/60'/0'/0/238,0x362e8EDFd94CeE2651dBC180F75FeFE558696D28,409.35
m/44'/60'/0'/0/239,0x4CE43a544ce4fc6aC474E199C180903478f5372e,5620.56
m/44'/60'/0'/0/240,0xc31c167fEd8Da15a6c6744A03fAB24823C73275a,347.42
m/44'/60'/0'/0/241,0x09d9E3839619A2943c755701b1641E9cB74C580c,34.64
m/44'/60'/0'/0/242,0xB9059712863f0749DFDd3904258C887BF111F304,689.86
m/44'/60'/0'/0/243,0x867d64dDBB78Ae590A0d246617F3a47DB6600A99,3722.43
m/44'/60'/0'/0/244,0xC4F861D8fCBff76728092E863Abd7C8d36A82e0D,288.98
m/44'/60'/0'/0/245,0x2A1254120cdB16c0720bA2d37f88569D2ebD259F,167.71
m/44'/60'/0'/0/246,0xc81061A7372D807769b32e8788c9F082F6cf69Ee,618.6700000000001
m/44'/60'/0'/0/247,0x1F913001C7C98B5A008E2c6274E27d96f35F4143,235.96
m/44'/60'/0'/0/248,0x3362D4A16B5fcaD40Fa6029Bf2dD44434c091f3a,777.35
m/44'/60'/0'/0/249,0x1D38fcfa52A4aF922Ec05715699dc6dA89be30EC,738.4300000000001
m/44'/60'/0'/0/250,0x697632374729EB02EB1fe7425D7A48D776D048Be,332.52
m/44'/60'/0'/0/251,0x27F36C44b984a3d1099128747c2e171C31Ff7955,1399.23
m/44'/60'/0'/0/252,0x98586f69Ea8bF90C45ee3369f3A973B831691330,338.52
m/44'/60'/0'/0/253,0xB506F60ddFc4d67445C6ddeBb40BAAB1fAA31fB6,1328.68
m/44'/60'/0'/0/254,0xa062399c2E5B7e739E59544C4b2dbA9FB72C9b47,75.16
m/44'/60'/0'/0/255,0x34d05a833Ee9e4C40a50c0372541AeF78Ef8503B,3286.46
m/44'/60'/0'/0/256,0x8220987909991Ce03E7D0f7894d5Dc327C0ABeB7,1411.73
m/44'/60'/0'/0/257,0x071B1A5Cf2AD798257d9c88D81ffa62cD0e05807,1581.5000000000002
m/44'/60'/0'/0/258,0xFbC3C8BB00ddf8978Ba3083f46E7c85Bc823F824,373.78
m/44'/60'/0'/0/259,0x415901218A4be44aB0F8bb08A761607A202D1137,350.96
m/44'/60'/0'/0/260,0xAfC80e53F5e0b11f7930139526Dc22e953Ac5874,1448.36
m/44'/60'/0'/0/261,0x767E217a26c3b4B1Bcf6df32407007EF8448B1CA,957
m/44'/60'/0'/0/262,0x37cd7b0b0663133B5Fc0a0246ea8A742dDdEcFaB,0.045
m/44'/60'/0'/0/263,0x0D079A8e07547314E2De1F6cbCF6271CdC4a7CD7,885.66
m/44'/60'/0'/0/264,0x0858a93faF64914e52FABF8F7981355b394939f9,885.66
m/44'/60'/0'/0/265,0x0FE30624d1542503Fc32401161Cc36eDA538beed,885.66
m/44'/60'/0'/0/266,0xB970421cEd367FC4342f60d176a74e47c9c793eb,855.86
m/44'/60'/0'/0/267,0xe5352a1E372EFeC5afAF4DE6E08beb2cFD85b99e,855.86
m/44'/60'/0'/0/268,0x9254a64820fb768F3B10367A76a18C426280b2c4,0.045
m/44'/60'/0'/0/269,0xa2De48b7C239E8f276b0D9E0eBAaa0e30f5c9C77,708.9
m/44'/60'/0'/0/270,0xcE4D878FcEF3d1e6174Cd7fA6c92D30423625107,885.66
m/44'/60'/0'/0/271,0x8aa502Cd05E96d24DE02E4fAe257F042251e06ca,0.1
m/44'/60'/0'/0/272,0x5d84bE2F1688159e6C72957f1e9Dbd02437484b3,38.89
m/44'/60'/0'/0/273,0xAC7aF36D87DAF2AEbf14280c677A7468444f3Dc4,938.76
m/44'/60'/0'/0/274,0xC4114b454B907016A808E17c2a97053E1124C3c1,672.69
m/44'/60'/0'/0/275,0x7b224Fe46c64ff041f48e90b6Fc54539A5e8291D,672.69
m/44'/60'/0'/0/276,0x033b5Fd328F28873C5302Cb51261F06d305DEd32,672.69
m/44'/60'/0'/0/277,0xC601321f2a15D6A1C1c594D58bC3eafCd035eDD4,672.69
m/44'/60'/0'/0/278,0xD1A30668B9352AcB5f5bec9CAc2a7A1FD9dD03E7,708.58
m/44'/60'/0'/0/279,0xb28929271920485af9C8473C5a1CD0Df200C6B0f,708.58
m/44'/60'/0'/0/280,0x07B77463A86831F10Be9316351Bc2d771263BFFd,708.58
m/44'/60'/0'/0/281,0x93c14253e6dcF946FE9d95Ba8319D3F98A6b3b10,708.58
m/44'/60'/0'/0/282,0x9AEc910516ad64140AB91ae95D3dC8205f1df5F5,708.58
m/44'/60'/0'/0/283,0xc8A29d5142c5e10B4aC2df08c943e0CF2904a76a,683.97
m/44'/60'/0'/0/284,0x1c0018f1c848A1154F6e93f20D396378a68c3CEc,683.97
m/44'/60'/0'/0/285,0xfaE42D03f6d2329C4fBb0C551E8A9100D9377143,683.97
m/44'/60'/0'/0/286,0x8Bc8d94B373599f75D4FA3CeF25c08ca189d4aDa,2046.15
m/44'/60'/0'/0/287,0xc73546ee95dFeb4140e2B67a0b8CB18dC56a6163,1756.27
m/44'/60'/0'/0/288,0xB3D26a8D36a548b399F17310439a3E17201c97Cf,1756.27
m/44'/60'/0'/0/289,0xF898B6F3A375611ac26C5D2e0F0EC9Ba7923bB9E,1756.27
m/44'/60'/0'/0/290,0x096bAaFBC59B2CCb212d67220686ecBcD68aFa7c,916.5
m/44'/60'/0'/0/291,0x2d8af5606F9AD58CcF7F35324F6603a28108822f,916.5
m/44'/60'/0'/0/292,0x60e8B40EF634696c6C6d265eFe4D91dc4320BccE,916.5
m/44'/60'/0'/0/293,0x7ae17292a7DDBB182B03b3b83eb0E1eC46c78616,916.5
m/44'/60'/0'/0/294,0xa659287Df74D953F17F31f85F957395912C9Ed6a,916.5
m/44'/60'/0'/0/295,0xAc845461cB5284e5D08F9bb097DC7dD735a33eE4,916.5
m/44'/60'/0'/0/296,0x9986472727f2559d72eECC92351065fbdD46fa6B,916.5
m/44'/60'/0'/0/297,0x94cB7895afc7dA013d1631EE27F17bf3bd0Ee891,923.13
m/44'/60'/0'/0/298,0x4C9C5109e514B459b803B4445104f1121cf34a5f,923.13
m/44'/60'/0'/0/299,0x31699D96E246Cf213F354A104Ad64AFea75958d6,923.13
m/44'/60'/0'/0/300,0xe0D4AE7d594fC6340CD6DC246b8888c0A156c1de,159.12
m/44'/60'/0'/0/301,0x6010ecCbD9d55C7150AdB4dd3422D3907c1b4795,10437.45
m/44'/60'/0'/0/302,0x8C3bd45403F8C5c058881DCF8fCbA395F6cb488E,504.18
m/44'/60'/0'/0/303,0x7bD7712f6b55C1616794c1f270dF21F9b718Fda1,538.17
m/44'/60'/0'/0/304,0x645bDA02d6c7c9223b92D8f41db31EFa5Add97f5,538.17
m/44'/60'/0'/0/305,0x8bcA4B5674C31c590Bd31bDc4a399CE586eE7799,504.18
m/44'/60'/0'/0/306,0x44F5902dA51Ec652abc120dD79416628233c40d3,504.18
m/44'/60'/0'/0/307,0xDF0eFA84722dee45F5677Da84Bc7CFc299b332BD,504.18
m/44'/60'/0'/0/308,0x91f0fBC9C7F5dEaE3cbAf2cBA227463e66778d92,1709.47
m/44'/60'/0'/0/309,0xbFB2e3db8B54834Aa7748C5c85Bb46256cc27A2f,251.72
m/44'/60'/0'/0/310,0x9af9D318AD256d2ea77a208e41E572CC2DD14545,277.38
m/44'/60'/0'/0/311,0x67e282da663422EC9f121de2f41F0B1753f4f22c,277.38
m/44'/60'/0'/0/312,0x2E62B5084E5415065998C40f19086ED63e2EF1CC,277.38
m/44'/60'/0'/0/313,0xCea8E6A357fe3f8b506e90d6b8B9eF21E2203395,277.38
m/44'/60'/0'/0/314,0xd0C56aC3c7673DDA5E4b519aeA2C4145533F81eA,277.38
m/44'/60'/0'/0/315,0x6D225a4b370f3188a81c4180D2ce399aA4f69e26,277.38
m/44'/60'/0'/0/316,0x9c5F9254334Cd8E8f4414Dc7b78460cF6641b744,277.38
m/44'/60'/0'/0/317,0x93d0310b9f70B91E9a6D35FaB428C34a9da946E1,277.38
m/44'/60'/0'/0/318,0x97e728e471D9105C201516C0D784992566ffFCa3,277.38
m/44'/60'/0'/0/319,0x6eB9b430b606f9356d698F755321D9D988b4fc33,277.38
m/44'/60'/0'/0/320,0x7e13036d21EFBC29E0F53D15C52e295F03533ad9,171.19
m/44'/60'/0'/0/323,0x6Ef9a1C4F09971dAc11BFCE0024a2313dD4F2615,446.76
m/44'/60'/0'/0/325,0xCB491a4Fe8cdB4A1604D1DA045dab81c2E9E987e,171.93
m/44'/60'/0'/0/326,0x9e50c3d3B8FF526115CDf75D862405477D412716,2559.8900000000003
m/44'/60'/0'/0/327,0xA3283ce75a37a2ee8dF92F9ca21ab590188C3f36,2559.8900000000003
m/44'/60'/0'/0/328,0x29222a19df499AD7DB19973242836645a1a5e682,530.85
m/44'/60'/0'/0/329,0x133572289Eeef3C8B9EceCb12319E14cF5E5bF49,530.85
m/44'/60'/0'/0/330,0x000eA2603FB9A7eF8a0131C59c33479CE1C00bB9,530.85
m/44'/60'/0'/0/331,0x14Af4deF6EFF2aa803B569C454De808B5D5ad477,530.85
m/44'/60'/0'/0/332,0x9913AaCA0bbB25a0941525B8e5ef731C679f0F63,530.85
m/44'/60'/0'/0/333,0xe8fA869496D789c51b84303B639712B06DCeC27A,530.85
m/44'/60'/0'/0/334,0x1E9C670560164bc0A2fc2C6C9a1424aE5B671eC7,658.92
m/44'/60'/0'/0/335,0x5f291Ca3CAE67aECf8b7E8aeB6b160610dF3E1D0,658.92
m/44'/60'/0'/0/336,0xC7d96E184c09AdA19AB47adB167735deE97A8055,321.31
m/44'/60'/0'/0/337,0x6f5B02Cf3e9bF7653Ee89E5B51943351B77610aE,321.31
m/44'/60'/0'/0/338,0xc0192c81a44fDE32E45c5CeCa3442241d8C71B59,320.68
m/44'/60'/0'/0/339,0xECb77491563caE92228A23bEe958e9beFDaCFDE2,320.68
m/44'/60'/0'/0/340,0xD89c9b0d92Ab7c71c4dBD8d00F6548EE4f99809E,2377.6
m/44'/60'/0'/0/341,0xdfE6eC33a932C552B2cB38f1a706A330ba19B2e4,416.92
m/44'/60'/0'/0/343,0xd4d06D99b86ef3d0BB67144f89F068C625C30B13,289.76
m/44'/60'/0'/0/344,0xab73feF0838BB1fa72D6DA9f9E29093dCE209b05,165.31
m/44'/60'/0'/0/346,0x03aA888CD10C90B7458D63E7564a0f79BbB319E9,248.41
m/44'/60'/0'/0/347,0xF2AE800c329757224045D5b7FD3EE1C1ce0Dd4A4,644.83
m/44'/60'/0'/0/348,0x60086Bf0Eca20386e29ECA09bF1FFbF7a5cF6444,302.74
m/44'/60'/0'/0/349,0x1a9082f93f72299f11971b7e7491bD5643A1C948,2934.18
m/44'/60'/0'/0/350,0x0caC2760701fCF593564fD2b43984BBb8039ad1f,2934.18
m/44'/60'/0'/0/351,0x83E7dB60F09035445cE7c81696c2e16De3A8a91e,457.93
m/44'/60'/0'/0/352,0xAF5Dc5974a68cc8a6d6b7bbA38F7F716B63B8e05,457.93
m/44'/60'/0'/0/353,0x9B7eda44104FF3838B813fd3da28D2Be84276238,457.93
m/44'/60'/0'/0/354,0x77C835530B6F0DA7F2d3F993d39bCB9DA9776749,457.93
m/44'/60'/0'/0/355,0x1461F0E82D536e14795653E81a2d735c18Eb68Cd,3.95
m/44'/60'/0'/0/356,0xbd95556D7d06CA4cA8A0F24b0568A044f1bb0c02,3.7
m/44'/60'/0'/0/357,0x7fDAD29609CFcfA18D618d8a3FcF61FC2818470c,3.7
m/44'/60'/0'/0/358,0xA50645778623a40d2CD3586C1ab742fbeB1C8118,3.7
m/44'/60'/0'/0/359,0xADa9D0246eDf0B4c65f9A9d402eD60210B3F30e7,8910.09
m/44'/60'/0'/0/360,0x751e8BcBc0C2b1d245f378Acb92Ac48bd0305F04,8910.09
m/44'/60'/0'/0/361,0xc3339D556f10d8de7133Dfd6Ddb58bf9E7EAa3E8,275.58
m/44'/60'/0'/0/362,0xa8242E5298058e41B8443858e68a8b415eF3D672,124.85
m/44'/60'/0'/0/363,0xbd9599417BF19C99a304D0713FCdd3A44f2e130f,124.85
m/44'/60'/0'/0/364,0xCD29819dbCf728B6Ec660cb05f3b788e9914F46b,1019.79
m/44'/60'/0'/0/365,0xB1d4546da00F61091Cce47cEea4a65D16761A6A9,403.85
m/44'/60'/0'/0/366,0x2ca1651C317bd3dD0A71686B63d5Cb86aC79c824,534.6
m/44'/60'/0'/0/367,0x2608eB70f252b15Af4572a64355fd812B63dFf14,1882.1
m/44'/60'/0'/0/368,0x16019862B4B2b2bFEE35612489A02291D7091d77,774.03
m/44'/60'/0'/0/369,0x80146D1897abA5531c5cf6B979a365504b4DEBF3,566.77
m/44'/60'/0'/0/370,0x0C95C3887b1660D511f4b7F917A724B499c5F58B,1985
m/44'/60'/0'/0/371,0xC6E9DC0f61aFA126254cB5b9a14d845b74ce5D92,1594.46
m/44'/60'/0'/0/372,0xfdD710d3A93173ff39884636947d9427CD10860D,188.63
m/44'/60'/0'/0/373,0x7F120e0A7B20BF144a707993C0ceab480284230b,188.63
m/44'/60'/0'/0/374,0x80E36B6e1B9A1CD1394dCCf90680B23e9174416c,188.63
m/44'/60'/0'/0/375,0xdC27Adf2Cd3fDcE005D2fA142200d7a13547D5C4,188.63
m/44'/60'/0'/0/376,0x9D7b7c8D5431Bf705FfB2edaf3206836bAfFA406,188.63
m/44'/60'/0'/0/377,0x45BE586De5bC8219bc8F46791Fac22B98eCFB226,188.63
m/44'/60'/0'/0/378,0xfaFD7Fc0b2C57647D7223107e16Cf9Ad9e1A7Ff8,188.63
m/44'/60'/0'/0/379,0xe589aEFFd06a930365933a2874339141fCb5e4d8,188.63
m/44'/60'/0'/0/380,0x35F2733cBCA1747Dc58817c31043951D36fcB94C,188.63
m/44'/60'/0'/0/381,0x626938326e44737AC7bE0FE6A9FA3319cCf1032c,188.63
m/44'/60'/0'/0/382,0xa102b3A8950a86B662a2Cef0134BF440539515dF,188.63
m/44'/60'/0'/0/383,0x5AB9928EA433A52d7562D1517Fe284F035D4AFB0,78.32
m/44'/60'/0'/0/384,0x32aB2474afDB92eb981f774715834c6EC52F4882,78.32
m/44'/60'/0'/0/385,0xb85De38ccD6Abc6D330b4409483B9bFCb0226938,78.32
m/44'/60'/0'/0/386,0xc4DA451B834019d0f501928926F001ee9560A605,78.32
m/44'/60'/0'/0/387,0x1960ea4888134556D72de3dB22E6D86eB9548179,78.32
m/44'/60'/0'/0/388,0x3EcE1dDE880387717b16B461d4ba43148deBdf11,78.32
m/44'/60'/0'/0/389,0x98AcB0C209b5b70f4E766B06F4c7C4e1959E56bc,78.32
m/44'/60'/0'/0/390,0xbB8581594A1742B3d79787e1310E4F6c0F537b62,78.32
m/44'/60'/0'/0/391,0xa1b31cC7982F18dA9C52c822C2756e925bc37327,6994.44
m/44'/60'/0'/0/392,0x08706A392Ac590D2d0cB5ada6C924934ba162308,1
m/44'/60'/0'/0/393,0x6CF0C5902F79aDbF8433Ca518473e0a3fF6C892c,72
m/44'/60'/0'/0/394,0x88dc542678CA3B3Ccdf40Eaaf2e1aA0267D90613,72
m/44'/60'/0'/0/395,0x4a3efd44BbF15a7Ee8D1b8A508cf9f03064E9526,72
m/44'/60'/0'/0/396,0x610fC747bb111dA8aC616F2EE8F2E64c5C6Fd4C0,72
m/44'/60'/0'/0/397,0x4fF67EFefc6892bcf749849954F7216bEeFd6983,72
m/44'/60'/0'/0/398,0xAE82933E2953b7740903513BeE5be0ae8fF3878d,1126.76
m/44'/60'/0'/0/399,0xceD243a1246b80f4183E5A02814535fFEA9f0920,72
m/44'/60'/0'/0/400,0xc3A710180e96abA7C7c0f74EF1AD5Ef2A32B0E8C,72
m/44'/60'/0'/0/401,0x8e6E39bE2B4d3f264816a44162E452b9aB8F0bDd,72
m/44'/60'/0'/0/402,0x8Fce507A5345B78068bC669dbaFD5cE7913C912b,72
m/44'/60'/0'/0/403,0xcDB7a4865D869b48fDB39d48496f0B9A825449d3,72
m/44'/60'/0'/0/404,0x76a416D37b7568ebc5F35A280CD7120a83B34118,72
m/44'/60'/0'/0/405,0xC7FF88A4d8512690721fafCbc6A454fc02140690,72
m/44'/60'/0'/0/406,0xDF52a25A647f1CC7ECE6223DD4b1BBdb2f2F2f98,72
m/44'/60'/0'/0/407,0x0A45C966101d8317DB22e88F3F69ED1680F1c9b2,72
m/44'/60'/0'/0/408,0x8c77bfb217707f639650C8bDF09f33e2839B050d,72
m/44'/60'/0'/0/409,0x035f27861537162DD2bbF84A2cF6f5F9d3B3E2BF,72
m/44'/60'/0'/0/410,0x28590C68C9dca60974857b83482ed895ce8aA0f5,72
m/44'/60'/0'/0/411,0x532B3eDf7128E0f9711EED5f4DF2CC8706EECee6,72
m/44'/60'/0'/0/412,0x745222Bb7C8B187079EDF1e2F6222b52C177f21c,72
m/44'/60'/0'/0/413,0x5B243411179E9631b9465372F3d8eE213b38A9f2,72
m/44'/60'/0'/0/414,0x510fA48754d543562b415B72D9dDc93a13dbCd18,1356.15
m/44'/60'/0'/0/415,0xC3f8f4aF22A167956Fef3eA78B4AB1b7A27F5316,72
m/44'/60'/0'/0/416,0xefE61AA28e3a9c8337b6daCbcB5b2964db3da4E7,1186.23
m/44'/60'/0'/0/417,0xb2344A50E8e6467b5504eb83CFf3abCC6964C371,932.24
